post_title,comment,sentiment,polarity,url
Condenaron a Guillermo Moreno a 3 a√±os de prisi√≥n por la manipulaci√≥n de estad√≠sticas del INDEC,"#####&#009;

######&#009;

####&#009;

> # [Condenaron a Guillermo Moreno a 3 a√±os de prisi√≥n por la manipulaci√≥n de estad√≠sticas del INDEC](https://www.infobae.com/judiciales/2024/08/07/630)
> 
>   
>   
> [Guillermo Moreno en la primera audiencia del juicio oral (Foto: Adri√°n Esc√°ndar)](https://www.infobae.com/new-resizer/sGz0KWSpCCk2qu1_3RzPgLYw-zM=/420x236/filters:format(webp\):quality(85\)/cloudfront-us-east-1.images.arcpublishing.com/infobae/NO25WIRERFHEZECVXRJDRQDOPI.jpg 420w)
> 
> Guillermo Moreno en la primera audiencia del juicio oral (Foto: Adri√°n Esc√°ndar)
> 
> El ex secretario de Comercio Interior **Guillermo Moreno** fue condenado hoy a tres a√±os de prisi√≥n en el juicio oral por la **presunta manipulaci√≥n de los datos del √çndice de Precios al Consumidor (IPC) del Institituto Nacional de Estad√≠sticas y Censos (INDEC)** durante el √∫ltimo semestre del 2007. La medida fue tomada por el Tribunal Oral Federal 2 de Comodoro Py que adem√°s conden√≥ a Moreno a seis de inhabilitaci√≥n para ejercer cargos p√∫blicos. El ex funcionario fue encontrado culpable de los delitos de abuso de autoridad y destrucci√≥n de registros p√∫blicos.
> 
> **Esta es la tercera condena que recibe el ex funcionario de los gobiernos de N√©stor y Cristina Kirchner.** Tiene una de dos a√±os y seis meses de prisi√≥n por el caso del _merchandising_ con la leyenda ‚ÄúClar√≠n Miente‚Äù y la segunda a dos a√±os de prisi√≥n en suspenso por el caso de los ‚Äú¬øCasco o guantes?‚Äù en una asamblea de 2010 de la empresaPapel Prensa. Los dos est√°n bajo revisi√≥n y la de hoy podr√° ser apelada por su defensa a la C√°mara Federal de Casaci√≥n Penal.
> 
> Por otra parte, el Tribunal Oral XXXXXX a **Beatriz Paglieri**, ex directora de √çndices de Precio de Consumo, y XXXXXX a las empleadas **Marcela Filia y Mar√≠a Celeste C√°mpora Avellaneda,** las otras acusadas del caso. El fallo fue firmado por los jueces **Rodrigo Gim√©nez Uriburu, Jorge Gorini y N√©stor Costabel.**
> 
> Moreno escuch√≥ su condena por videoconferencia, como el resto de las partes mientras que los jueces estuvieron en una de las salas de audiencias de los tribunales de Comodoro Py, y a la ma√±ana hab√≠a dicho sus √∫ltimas palabras ante el tribunal. **‚ÄúHay un viejo dicho que es `hechos, pruebas y derecho`. Pruebas no hubo, descarto que habr√° derecho‚Äù,** hab√≠a dicho el ex funcionario.
> 
> Moreno tambi√©n se√±al√≥ que lo que hubo fue un alegato acad√©mico de parte del fiscal **Diego Luciani** que junto con **Jos√© Ipohorski** acusaron a Moreno de haber cometido los delitos de violaci√≥n de secretos, abuso de autoridad, destrucci√≥n de registros y documentos, y falsedad ideol√≥gica. y pidieron que sea condenado a cuatro a√±os de prisi√≥n y 10 de inhabilitaci√≥n para ejercer cargos p√∫blicos.
> 
> **‚ÄúEl alegato de Luciani fue inteligente. No ten√≠a pruebas y apel√≥ a un juicio acad√©mico. No puede el fiscal evaluar si el INDEC trabaj√≥ mal durante un gobierno cuando lo que se juzga es un semestre. Eso es un error garrafal‚Äù,** hab√≠a dicho en sus √∫ltimas palabaras.
> 
> [El Tribunal Oral a cargo del juicio oral (Foto: Adri√°n Esc√°ndar)](https://www.infobae.com/new-resizer/hngfScD9cifkMDQbn2oxNVxy6LY=/420x236/filters:format(webp\):quality(85\)/cloudfront-us-east-1.images.arcpublishing.com/infobae/3JKLOAO5ABCVPIN3B2FGZLQJXE.jpg 420w)
> 
> El Tribunal Oral a cargo del juicio oral (Foto: Adri√°n Esc√°ndar)
> 
> Para pedir la condena, la Fiscal√≠a hab√≠a se√±alado que ‚Äú**a martillazos bajaban los √≠ndices‚Äù. ‚ÄúLa inflaci√≥n no ten√≠a que pasar el 10 por ciento y lo lograban mintiendo‚Äù**, sostuvo Luciani en sus alegatos. Y agreg√≥: ‚ÄúMoreno, a trav√©s de la introducci√≥n de Paglieri, hab√≠a logrado llegar a toda la informaci√≥n confidencial que le estaba vedada‚Äù.
> 
> El que termin√≥ hoy fue el cuarto juicio oral que afront√≥ Moreno y recibi√≥ su tercera condena.En octubre del 2017 fue condenado a dos a√±os y seis meses de prisi√≥n y a la inhabilitaci√≥n perpetua para ejercer cargos p√∫blicos por el delito de peculado por haber utilizado fondos p√∫blicos para comprar _merchandising_ con la leyenda ‚ÄúClar√≠n Miente‚Äù.
> 
> Y en julio del 2022 fue condenado a dos a√±os de prisi√≥n en suspenso y a seis meses de inhabilitaci√≥n para ejercer cargos p√∫blicos por el delito de amenazas coactivas por el caso de ‚Äú¬øCasco o guantes?‚Äù que ofreci√≥ en una asamblea de 2010 de la empresa **Papel Prensa**. Ninguna de esas condenas est√° firme, ya que fueron apeladas y, por lo tanto, no se ejecutaron.
> 
> En tanto, fue absuelto en diciembre del 2021 por haber perturbado una asamblea del Grupo Clar√≠n en abril de 2013 de la que particip√≥ en representaci√≥n del Estado junto con el hoy gobernador de la provincia de Buenos Aires, **Axel Kicillof**.

  
  
  
- - - - - -

[Maintainer](https://www.reddit.com/user/urielsalis) | [Creator](https://www.reddit.com/user/subtepass) | [Source Code](https://github.com/urielsalis/empleadoEstatalBot)",negativo,-0.9013,https://www.infobae.com/judiciales/2024/08/07/condenaron-a-guillermo-moreno-a-3-anos-de-prision-por-la-manipulacion-de-estadisticas-del-indec/
Condenaron a Guillermo Moreno a 3 a√±os de prisi√≥n por la manipulaci√≥n de estad√≠sticas del INDEC,Le falta un cero a ese 3,neutro,0.0,https://www.infobae.com/judiciales/2024/08/07/condenaron-a-guillermo-moreno-a-3-anos-de-prision-por-la-manipulacion-de-estadisticas-del-indec/
Condenaron a Guillermo Moreno a 3 a√±os de prisi√≥n por la manipulaci√≥n de estad√≠sticas del INDEC,"para loco, me dejan sin candidatos!",negativo,-0.5983,https://www.infobae.com/judiciales/2024/08/07/condenaron-a-guillermo-moreno-a-3-anos-de-prision-por-la-manipulacion-de-estadisticas-del-indec/
Condenaron a Guillermo Moreno a 3 a√±os de prisi√≥n por la manipulaci√≥n de estad√≠sticas del INDEC,"Y recuerden, esta manipulaci√≥n de las estad√≠sticas del INDEC le cost√≥ al pa√≠s miles de millones en litigios legales porque los bonos puestos en el exterior estaban atados a estos √≠ndices qu√© manipulaba Moreno.

No solo Kicillof nos ha salido muy caro. Moreno tambi√©n!


El link:
https://www.cronista.com/economia-politica/juicio-por-el-cupon-pbi-nuevo-reves-para-la-argentina-que-debera-pagar-1300-millones-de-euros/",positivo,0.126,https://www.infobae.com/judiciales/2024/08/07/condenaron-a-guillermo-moreno-a-3-anos-de-prision-por-la-manipulacion-de-estadisticas-del-indec/
Condenaron a Guillermo Moreno a 3 a√±os de prisi√≥n por la manipulaci√≥n de estad√≠sticas del INDEC,"Uy, de qu√© candidato se agarran ahora los peronchos? A qui√©n van a militar jajaja.",neutro,0.0,https://www.infobae.com/judiciales/2024/08/07/condenaron-a-guillermo-moreno-a-3-anos-de-prision-por-la-manipulacion-de-estadisticas-del-indec/
Condenaron a Guillermo Moreno a 3 a√±os de prisi√≥n por la manipulaci√≥n de estad√≠sticas del INDEC,"Mira lo que es el cine

https://preview.redd.it/llhn9316l9hd1.jpeg?width=680&format=pjpg&auto=webp&s=4dc5bfb31696c66c71a2f7c0186b3a122c663983",neutro,0.0,https://www.infobae.com/judiciales/2024/08/07/condenaron-a-guillermo-moreno-a-3-anos-de-prision-por-la-manipulacion-de-estadisticas-del-indec/
Condenaron a Guillermo Moreno a 3 a√±os de prisi√≥n por la manipulaci√≥n de estad√≠sticas del INDEC,"Vamooo Menemmm!!

A ver d√≥nde se esconden los que dec√≠an que Moreno no tend√≠a condena. Juajua.",negativo,-0.4184,https://www.infobae.com/judiciales/2024/08/07/condenaron-a-guillermo-moreno-a-3-anos-de-prision-por-la-manipulacion-de-estadisticas-del-indec/
Condenaron a Guillermo Moreno a 3 a√±os de prisi√≥n por la manipulaci√≥n de estad√≠sticas del INDEC,"Algun boga del sub me puede explicar cual es el espiritu de la ley de no inhabilitar _de por vida_ a ejercer cargos publicos a una persona que est√° condenada por abuso de autoridad en un cargo de esta jerarquia ? hasta diria, cualquier cargo politico.. de consejal o intendente de un pueblito para arriba.. que te inhabiliten temporalmente si hubo alguna negligencia que pueda ser producto natural del cargo, una cosa que firmaste entre medio de otros papeles sin darte cuenta, etc.. ponele, pero a un ladri como este como puede ser que en 6 a√±os le puedan dar otro cargo ?",negativo,-0.5661,https://www.infobae.com/judiciales/2024/08/07/condenaron-a-guillermo-moreno-a-3-anos-de-prision-por-la-manipulacion-de-estadisticas-del-indec/
Condenaron a Guillermo Moreno a 3 a√±os de prisi√≥n por la manipulaci√≥n de estad√≠sticas del INDEC,PRINCIPIOS Y VALORES,neutro,0.0,https://www.infobae.com/judiciales/2024/08/07/condenaron-a-guillermo-moreno-a-3-anos-de-prision-por-la-manipulacion-de-estadisticas-del-indec/
Condenaron a Guillermo Moreno a 3 a√±os de prisi√≥n por la manipulaci√≥n de estad√≠sticas del INDEC,"Listo, Zaracho 2027.",neutro,0.0,https://www.infobae.com/judiciales/2024/08/07/condenaron-a-guillermo-moreno-a-3-anos-de-prision-por-la-manipulacion-de-estadisticas-del-indec/
Guillermo Moreno se enoja al aire con periodista de C5N,![gif](giphy|jgVXeRc0Jvv4QFghcz),neutro,0.0,https://v.redd.it/dvxgy1fx08ke1
Guillermo Moreno se enoja al aire con periodista de C5N,Es gracioso como siempre se la agarra con la minita cuando se saca de quisio,positivo,0.25,https://v.redd.it/dvxgy1fx08ke1
Guillermo Moreno se enoja al aire con periodista de C5N,"Tendria que aparecer Iudica feminista diciendo ojo los tonos, ojo la voz, que estamos hablando con una mujer

https://preview.redd.it/fl4vtszbj8ke1.jpeg?width=720&format=pjpg&auto=webp&s=d2fdf933b977bcc73f6123b00471135d868fbd90",neutro,0.0,https://v.redd.it/dvxgy1fx08ke1
Guillermo Moreno se enoja al aire con periodista de C5N,"""No te contesto porque tengo miedo que la quedes ac√°"" le tira el otro a lo √∫ltimo JAJAJAJA que hdp",neutro,0.0,https://v.redd.it/dvxgy1fx08ke1
Guillermo Moreno se enoja al aire con periodista de C5N,"Si el Hayden Davis era portador de BBC en vez de un colorado alcahuete, seguro que estar√≠a con el orto cerrado el Guillote",neutro,0.0,https://v.redd.it/dvxgy1fx08ke1
Guillermo Moreno se enoja al aire con periodista de C5N,"Moreno nunca dejo de ser desagradable, por eso despues pierde contra cinthia fernandez

me hace pensar que los viejos realmente no pueden aprender y cambiar (para bien)",negativo,-0.296,https://v.redd.it/dvxgy1fx08ke1
Guillermo Moreno se enoja al aire con periodista de C5N,Mariana Brey disfruta ese momento jajaja,neutro,0.0,https://v.redd.it/dvxgy1fx08ke1
Guillermo Moreno se enoja al aire con periodista de C5N,"No, entiendo por qu√© se enoja un tipo que fue y estuvo con el peronismo  y Kirchneristas muchos a√±os disfrutando y cagandose en el pueblo Argentino, destrozando la econom√≠a la producci√≥n inventaron el cepo para robarse un PBI completo, dejando sin futuros a toda la generaci√≥n de j√≥venes y tenemos que escuchar su Moral que hacen todo bien, hijos de remil puta llamense al silencio y cierren el orto forros por culpa de ustedes estamos as√≠ hoy",negativo,-0.5574,https://v.redd.it/dvxgy1fx08ke1
Guillermo Moreno se enoja al aire con periodista de C5N,"Les duele que le vaya bien a Milei.  
Les duele ver como poco a poco se desvanecen.

Como dijo un gordo expresidente... 

Te duele? Me encanta",neutro,0.0,https://v.redd.it/dvxgy1fx08ke1
Guillermo Moreno se enoja al aire con periodista de C5N,https://preview.redd.it/1z0ye6ao18ke1.jpeg?width=720&format=pjpg&auto=webp&s=ba249f23374ad093a3f8d8fbbc13190b2147994c,neutro,0.0,https://v.redd.it/dvxgy1fx08ke1
El acto de Guillermo Moreno por el D√≠a de la Lealtad termin√≥ a las trompadas,"Yo soy el verdadero peronista de peron  
No, yo soy el verdadero peronista de peron 

https://preview.redd.it/85j9rsb38evd1.png?width=1200&format=png&auto=webp&s=b6be2ca7533d044d62b25086ff3932c813800a2a",neutro,0.0,https://v.redd.it/idfaiqo26evd1
El acto de Guillermo Moreno por el D√≠a de la Lealtad termin√≥ a las trompadas,Nada mas tradicional para festejar la lealtad peroncha,neutro,0.0,https://v.redd.it/idfaiqo26evd1
El acto de Guillermo Moreno por el D√≠a de la Lealtad termin√≥ a las trompadas,Claramente son los mismos violentos infiltrados libertarios de siempre,neutro,0.0,https://v.redd.it/idfaiqo26evd1
El acto de Guillermo Moreno por el D√≠a de la Lealtad termin√≥ a las trompadas,"ademas con la voz  ""despacio , despacio"" , como si eso m√°gicamente parara una pelea de los perdedores de la vida que celebran el d√≠a del partido mas anti argentina de la historia",negativo,-0.3182,https://v.redd.it/idfaiqo26evd1
El acto de Guillermo Moreno por el D√≠a de la Lealtad termin√≥ a las trompadas,https://preview.redd.it/o1t1hmsv9evd1.png?width=720&format=png&auto=webp&s=a50d93a5d5b499be29b41879615edc2dc5f400d4,neutro,0.0,https://v.redd.it/idfaiqo26evd1
El acto de Guillermo Moreno por el D√≠a de la Lealtad termin√≥ a las trompadas,EL PERONISMO CONJUGA EL VERBO AMOOOOR!,neutro,0.0,https://v.redd.it/idfaiqo26evd1
El acto de Guillermo Moreno por el D√≠a de la Lealtad termin√≥ a las trompadas,‚ú®üôèüèªPrincipios y Valores üôèüèª‚ú®,positivo,0.5574,https://v.redd.it/idfaiqo26evd1
El acto de Guillermo Moreno por el D√≠a de la Lealtad termin√≥ a las trompadas,A esta altura creo que cagarse a trompadas por politicos corruptos ya es una cosa cultural para ellos.,neutro,0.0,https://v.redd.it/idfaiqo26evd1
El acto de Guillermo Moreno por el D√≠a de la Lealtad termin√≥ a las trompadas,"No hay nada que diga ""Principios y Valores"" como embocarle una buena trompada a un compa√±ero! /s",negativo,-0.3595,https://v.redd.it/idfaiqo26evd1
El acto de Guillermo Moreno por el D√≠a de la Lealtad termin√≥ a las trompadas,Esa conjugaci√≥n del verbo amor s√≠ se puede ver,positivo,0.6124,https://v.redd.it/idfaiqo26evd1
